kappa_point,ci_low_95,ci_high_95,n_bootstrap,n_pairs
0.8188359106529209,0.7744593758115523,0.8600221470675289,1000,1015
